subreddit,post_text,char_count
funny,"Nothing makes me feel older than stare back at me like I’m the one who should know why I’m here. I swear it waits for me to be confident before it humbles me. It’s like my brain is speedrunning inconvenience. It’s the kind of thing you can’t really explain to someone unless they’ve had the exact same experience. It’s the kind of thing you can’t really explain to someone unless they’ve had the exact same experience. I don’t even want perfection, I just want the basic version of things to work without a scavenger hunt. I’ll tell myself it’s not a big deal, but my body reacts like it’s a crisis anyway. It’s the kind of thing you can’t really explain to someone unless they’ve had the exact same experience.",711
AskReddit,"Quick rant: I tried to be responsible for once and it immediately created three new problems. The older I get, the more I notice how many “rules” are just vibes everyone agreed on. For adult life surprises that everyone accepts but nobody likes, what’s the best advice you’ve heard about it? Tell me I'm not alone here. Like, I’ll plan it out, feel good, and then the smallest hiccup happens and my brain treats it like a full emergency. I don’t even want perfection, I just want the basic version of things to work without a scavenger hunt. Like, I’ll plan it out, feel good, and then the smallest hiccup happens and my brain treats it like a full emergency What do you think?",677
trees,"I was halfway through my day when it hit me that I was annoyed for no actual reason, just momentum. I feel like people talk about strain names like they’re a personality test, but half the time it’s just context. There’s this constant pressure to have an opinion instantly, even when the situation is complicated. I keep thinking it’ll be different next time, but next time shows up and it’s the same pattern with a new outfit. I had one of those moments where you pause and realize you’ve been doing something on autopilot for years. I keep thinking it’ll be different next time, but next time shows up and it’s the same pattern with a new outfit.",648
politics,"I swear, I watched myself make the same tiny mistake again and it felt like déjà vu, but in the worst way. The incentives are so backwards. The loudest, angriest takes get the most airtime. I’m starting to think half of stress is just friction from systems that don’t have to be this clunky. Am I missing something obvious? I was halfway through my day when it hit me that I was annoyed for no actual reason, just momentum.",423
AdviceAnimals,"Maybe I'm overthinking it, but I tried to be responsible for once and it immediately created three new problems. Setting boundaries is great until you realize you have to enforce them more than once. Would love to hear other takes. I caught myself explaining something confidently and then realized I wasn’t even sure I believed it. I watched myself make the same tiny mistake again and it felt like déjà vu, but in the worst way. The older I get, the more I notice how many “rules” are just vibes everyone agreed on.",517
gaming,"I tried to be responsible for once and it immediately created three new problems. Patch notes are basically a suspense novel at this point. It’s weird how small stuff can flip your mood way more than the big stuff. Does anyone else deal with this? I’ll tell myself it’s not a big deal, but my body reacts like it’s a crisis anyway. I don’t even want perfection, I just want the basic version of things to work without a scavenger hunt. I went to do a simple thing and somehow it turned into a whole mini project. I caught myself explaining something confidently and then realized I wasn’t even sure I believed it. It’s the kind of thing you can’t really explain to someone unless they’ve had the exact same experience.",718
videos,"I caught myself explaining something confidently and then realized I wasn’t even sure I believed it. The algorithm knows my weaknesses better than I do. The older I get, the more I notice how many “rules” are just vibes everyone agreed on. Would love to hear other takes. The older I get, the more I notice how many “rules” are just vibes everyone agreed on. I watched myself make the same tiny mistake again and it felt like déjà vu, but in the worst way.",456
atheism,"I watched myself make the same tiny mistake again and it felt like déjà vu, but in the worst way. A lot of people confuse certainty with truth, and it makes conversations impossible. I’m starting to think half of stress is just friction from systems that don’t have to be this clunky. Is this normal or am I broken? I went to do a simple thing and somehow it turned into a whole mini project. I think a lot of people confuse being loud with being right, and it messes with everything. I’m starting to think half of stress is just friction from systems that don’t have to be this clunky.",586
technology,"Maybe I'm overthinking it, but I went to do a simple thing and somehow it turned into a whole mini project. I don’t mind new features, I mind when basic things stop working. Does anyone else deal with this? The older I get, the more I notice how many “rules” are just vibes everyone agreed on. I caught myself explaining something confidently and then realized I wasn’t even sure I believed it. I tried to be responsible for once and it immediately created three new problems. I caught myself explaining something confidently and then realized I wasn’t even sure I believed it.",577
Music,"I tried to be responsible for once and it immediately created three new problems. It’s weird how lyrics hit harder later when you finally have the context for them. I had one of those moments where you pause and realize you’ve been doing something on autopilot for years. I tried to be responsible for once and it immediately created three new problems. I don’t even want perfection, I just want the basic version of things to work without a scavenger hunt. I tried to be responsible for once and it immediately created three new problems. The older I get, the more I notice how many “rules” are just vibes everyone agreed on.",626
todayilearned,TIL some language quirks were adopted widely because someone mistranslated something early on. I went down a rabbit hole and the backstory was way less dramatic than I expected. I went to do a simple thing and somehow it turned into a whole mini project. Does anyone else deal with this?,287
worldnews,"I went to do a simple thing and somehow it turned into a whole mini project. I’m trying to keep up, but headlines keep stripping out the context that actually matters. It’s weird how small stuff can flip your mood way more than the big stuff. Is this normal or am I broken? I keep thinking it’ll be different next time, but next time shows up and it’s the same pattern with a new outfit. I think a lot of people confuse being loud with being right, and it messes with everything. There’s this constant pressure to have an opinion instantly, even when the situation is complicated. I don’t even want perfection, I just want the basic version of things to work without a scavenger hunt.",684
firstworldproblems,"I caught myself explaining something confidently and then realized I wasn’t even sure I believed it. I know it’s ridiculous, but small friction adds up and ruins my mood. It’s weird how small stuff can flip your mood way more than the big stuff. Would love to hear other takes. I caught myself explaining something confidently and then realized I wasn’t even sure I believed it. It’s the kind of thing you can’t really explain to someone unless they’ve had the exact same experience.",483
funny,"Nothing makes me feel older than wait all day to feel tired and then become alert the moment I lie down. It’s like my brain is speedrunning inconvenience. It’s the kind of thing you can’t really explain to someone unless they’ve had the exact same experience. Anyway, I’m filing a complaint with whoever runs the simulation. It’s the kind of thing you can’t really explain to someone unless they’ve had the exact same experience. I don’t even want perfection, I just want the basic version of things to work without a scavenger hunt.",533
AskReddit,"Real talk, I tried to be responsible for once and it immediately created three new problems. There’s this constant pressure to have an opinion instantly, even when the situation is complicated. For money etiquette that changed a lot in the last few years, how do you handle it without being a jerk? It’s the kind of thing you can’t really explain to someone unless they’ve had the exact same experience. I’ll tell myself it’s not a big deal, but my body reacts like it’s a crisis anyway. I don’t even want perfection, I just want the basic version of things to work without a scavenger hunt What do you think?",609
trees,"Not sure if this is just me, but I went to do a simple thing and somehow it turned into a whole mini project. The vibe can change so much depending on timing, setting, and who you’re with. There’s this constant pressure to have an opinion instantly, even when the situation is complicated. Anyway, curious what you all think. Like, I’ll plan it out, feel good, and then the smallest hiccup happens and my brain treats it like a full emergency. I caught myself explaining something confidently and then realized I wasn’t even sure I believed it. I had one of those moments where you pause and realize you’ve been doing something on autopilot for years. I’m starting to think half of stress is just friction from systems that don’t have to be this clunky.",753
politics,"Quick rant: I tried to be responsible for once and it immediately created three new problems. I miss when nuance wasn’t treated like weakness. Would love to hear other takes. I think a lot of people confuse being loud with being right, and it messes with everything. I went to do a simple thing and somehow it turned into a whole mini project.",343
AdviceAnimals,"Quick rant: I tried to be responsible for once and it immediately created three new problems. It’s wild how you can give solid advice to a friend and then refuse to take it yourself. It’s weird how small stuff can flip your mood way more than the big stuff. Anyway, curious what you all think. I think a lot of people confuse being loud with being right, and it messes with everything. It’s weird how small stuff can flip your mood way more than the big stuff. I’ll tell myself it’s not a big deal, but my body reacts like it’s a crisis anyway. I’ll tell myself it’s not a big deal, but my body reacts like it’s a crisis anyway.",628
gaming,"Okay, so I was halfway through my day when it hit me that I was annoyed for no actual reason, just momentum. Matchmaking is a mystery box that occasionally hands you despair. I’m starting to think half of stress is just friction from systems that don’t have to be this clunky. It’s the kind of thing you can’t really explain to someone unless they’ve had the exact same experience.",381
videos,"Real talk, I went to do a simple thing and somehow it turned into a whole mini project. I’ll click one clip and somehow end up watching a niche documentary about something I’ve never cared about. The older I get, the more I notice how many “rules” are just vibes everyone agreed on. I watched myself make the same tiny mistake again and it felt like déjà vu, but in the worst way. I’m starting to think half of stress is just friction from systems that don’t have to be this clunky. It’s weird how small stuff can flip your mood way more than the big stuff. I was halfway through my day when it hit me that I was annoyed for no actual reason, just momentum.",657
atheism,"I went to do a simple thing and somehow it turned into a whole mini project. It’s strange how asking for evidence can be seen as disrespect instead of curiosity. There’s this constant pressure to have an opinion instantly, even when the situation is complicated. Is this normal or am I broken? I don’t even want perfection, I just want the basic version of things to work without a scavenger hunt. The older I get, the more I notice how many “rules” are just vibes everyone agreed on. I don’t even want perfection, I just want the basic version of things to work without a scavenger hunt. I think a lot of people confuse being loud with being right, and it messes with everything.",680
technology,"Not sure if this is just me, but I went to do a simple thing and somehow it turned into a whole mini project. I don’t mind new features, I mind when basic things stop working. I’m starting to think half of stress is just friction from systems that don’t have to be this clunky. It’s weird how small stuff can flip your mood way more than the big stuff. Like, I’ll plan it out, feel good, and then the smallest hiccup happens and my brain treats it like a full emergency. I was halfway through my day when it hit me that I was annoyed for no actual reason, just momentum. It’s weird how small stuff can flip your mood way more than the big stuff.",645
Music,"I was halfway through my day when it hit me that I was annoyed for no actual reason, just momentum. A song can mean nothing for years and then randomly become the soundtrack to your life. There’s this constant pressure to have an opinion instantly, even when the situation is complicated. Would love to hear other takes. I think a lot of people confuse being loud with being right, and it messes with everything. I’m starting to think half of stress is just friction from systems that don’t have to be this clunky.",514
todayilearned,"TIL a handful of historical details only became popular because one weird decision became tradition. Now I keep noticing it everywhere and it’s mildly ruining my life. I watched myself make the same tiny mistake again and it felt like déjà vu, but in the worst way. Is this normal or am I broken? I keep thinking it’ll be different next time, but next time shows up and it’s the same pattern with a new outfit. I’ll tell myself it’s not a big deal, but my body reacts like it’s a crisis anyway. Like, I’ll plan it out, feel good, and then the smallest hiccup happens and my brain treats it like a full emergency. It’s weird how small stuff can flip your mood way more than the big stuff.",687
worldnews,"Alright y'all, I watched myself make the same tiny mistake again and it felt like déjà vu, but in the worst way. It feels like you need a full timeline just to understand what people are arguing about. It’s weird how small stuff can flip your mood way more than the big stuff. Tell me I'm not alone here. It’s weird how small stuff can flip your mood way more than the big stuff. The older I get, the more I notice how many “rules” are just vibes everyone agreed on. The older I get, the more I notice how many “rules” are just vibes everyone agreed on.",553
firstworldproblems,"So I was thinking, I watched myself make the same tiny mistake again and it felt like déjà vu, but in the worst way. One extra step in an app feels like a personal attack when you’re already tired. Does anyone else deal with this? Like, I’ll plan it out, feel good, and then the smallest hiccup happens and my brain treats it like a full emergency. I’m starting to think half of stress is just friction from systems that don’t have to be this clunky. I don’t even want perfection, I just want the basic version of things to work without a scavenger hunt.",554
funny,"Why is it that my phone can autocorrect the right word into the wrong word with confidence. It’s like my brain is speedrunning inconvenience. It’s the kind of thing you can’t really explain to someone unless they’ve had the exact same experience. It’s the kind of thing you can’t really explain to someone unless they’ve had the exact same experience. I swear it waits for me to be confident before it humbles me. I’ll tell myself it’s not a big deal, but my body reacts like it’s a crisis anyway. Like, I’ll plan it out, feel good, and then the smallest hiccup happens and my brain treats it like a full emergency. It’s the kind of thing you can’t really explain to someone unless they’ve had the exact same experience.",720
AskReddit,"Quick rant: I went to do a simple thing and somehow it turned into a whole mini project. It’s weird how small stuff can flip your mood way more than the big stuff. For workplace culture that causes arguments for dumb reasons, what do you wish people were honest about? Tell me I'm not alone here. Like, I’ll plan it out, feel good, and then the smallest hiccup happens and my brain treats it like a full emergency. I don’t even want perfection, I just want the basic version of things to work without a scavenger hunt. Like, I’ll plan it out, feel good, and then the smallest hiccup happens and my brain treats it like a full emergency What do you think?",654
trees,"I had one of those moments where you pause and realize you’ve been doing something on autopilot for years. I feel like people talk about strain names like they’re a personality test, but half the time it’s just context. There’s this constant pressure to have an opinion instantly, even when the situation is complicated. Anyway, curious what you all think. I had one of those moments where you pause and realize you’ve been doing something on autopilot for years. I think a lot of people confuse being loud with being right, and it messes with everything.",555
politics,"Not sure if this is just me, but I was halfway through my day when it hit me that I was annoyed for no actual reason, just momentum. I miss when nuance wasn’t treated like weakness. It’s weird how small stuff can flip your mood way more than the big stuff. Tell me I'm not alone here. I’m starting to think half of stress is just friction from systems that don’t have to be this clunky. Like, I’ll plan it out, feel good, and then the smallest hiccup happens and my brain treats it like a full emergency. I went to do a simple thing and somehow it turned into a whole mini project. It’s the kind of thing you can’t really explain to someone unless they’ve had the exact same experience.",686
AdviceAnimals,"So I was thinking, I caught myself explaining something confidently and then realized I wasn’t even sure I believed it. It’s wild how you can give solid advice to a friend and then refuse to take it yourself. I think a lot of people confuse being loud with being right, and it messes with everything. Am I missing something obvious? I watched myself make the same tiny mistake again and it felt like déjà vu, but in the worst way. The older I get, the more I notice how many “rules” are just vibes everyone agreed on.",517
gaming,"I was halfway through my day when it hit me that I was annoyed for no actual reason, just momentum. I’ll play one match to relax and then accidentally sign up for emotional damage. I’m starting to think half of stress is just friction from systems that don’t have to be this clunky. Tell me I'm not alone here. I had one of those moments where you pause and realize you’ve been doing something on autopilot for years. It’s the kind of thing you can’t really explain to someone unless they’ve had the exact same experience. I keep thinking it’ll be different next time, but next time shows up and it’s the same pattern with a new outfit.",636
videos,"I tried to be responsible for once and it immediately created three new problems. I’ll click one clip and somehow end up watching a niche documentary about something I’ve never cared about. I’m starting to think half of stress is just friction from systems that don’t have to be this clunky. I had one of those moments where you pause and realize you’ve been doing something on autopilot for years. I’ll tell myself it’s not a big deal, but my body reacts like it’s a crisis anyway. Like, I’ll plan it out, feel good, and then the smallest hiccup happens and my brain treats it like a full emergency. There’s this constant pressure to have an opinion instantly, even when the situation is complicated.",701
atheism,"Ngl, I caught myself explaining something confidently and then realized I wasn’t even sure I believed it. A lot of people confuse certainty with truth, and it makes conversations impossible. I watched myself make the same tiny mistake again and it felt like déjà vu, but in the worst way. I was halfway through my day when it hit me that I was annoyed for no actual reason, just momentum. There’s this constant pressure to have an opinion instantly, even when the situation is complicated.",489
technology,"I watched myself make the same tiny mistake again and it felt like déjà vu, but in the worst way. Everything wants to be a subscription and it’s exhausting. The older I get, the more I notice how many “rules” are just vibes everyone agreed on. Is this normal or am I broken? I’m starting to think half of stress is just friction from systems that don’t have to be this clunky. I think a lot of people confuse being loud with being right, and it messes with everything.",468
Music,"So I was thinking, I was halfway through my day when it hit me that I was annoyed for no actual reason, just momentum. Live versions can completely change how you hear the original track. I went to do a simple thing and somehow it turned into a whole mini project. I’ll tell myself it’s not a big deal, but my body reacts like it’s a crisis anyway. It’s weird how small stuff can flip your mood way more than the big stuff. I keep thinking it’ll be different next time, but next time shows up and it’s the same pattern with a new outfit.",537
todayilearned,TIL a bunch of inventions ended up becoming standard because one weird decision became tradition. I went down a rabbit hole and the backstory was way less dramatic than I expected. Does anyone else deal with this? I’m starting to think half of stress is just friction from systems that don’t have to be this clunky. It’s the kind of thing you can’t really explain to someone unless they’ve had the exact same experience. I’m starting to think half of stress is just friction from systems that don’t have to be this clunky.,522
worldnews,"So I was thinking, I went to do a simple thing and somehow it turned into a whole mini project. Can we get explanations that aren’t just vibes and outrage? Am I missing something obvious? It’s weird how small stuff can flip your mood way more than the big stuff. I don’t even want perfection, I just want the basic version of things to work without a scavenger hunt. I keep thinking it’ll be different next time, but next time shows up and it’s the same pattern with a new outfit. It’s the kind of thing you can’t really explain to someone unless they’ve had the exact same experience. I watched myself make the same tiny mistake again and it felt like déjà vu, but in the worst way.",683
firstworldproblems,"Maybe I'm overthinking it, but I caught myself explaining something confidently and then realized I wasn’t even sure I believed it. Everything works except the one feature I use every day, so of course I’m irrationally mad. There’s this constant pressure to have an opinion instantly, even when the situation is complicated. Tell me I'm not alone here. I was halfway through my day when it hit me that I was annoyed for no actual reason, just momentum. It’s the kind of thing you can’t really explain to someone unless they’ve had the exact same experience.",557
funny,"I tried to be productive today and wait all day to feel tired and then become alert the moment I lie down. I swear it waits for me to be confident before it humbles me. It’s the kind of thing you can’t really explain to someone unless they’ve had the exact same experience. I keep thinking it’ll be different next time, but next time shows up and it’s the same pattern with a new outfit. I’ll tell myself it’s not a big deal, but my body reacts like it’s a crisis anyway. Like, I’ll plan it out, feel good, and then the smallest hiccup happens and my brain treats it like a full emergency.",589
AskReddit,"I tried to be responsible for once and it immediately created three new problems. I think a lot of people confuse being loud with being right, and it messes with everything. For money etiquette that everyone accepts but nobody likes, what’s the moment it clicked for you? Does anyone else deal with this? I’ll tell myself it’s not a big deal, but my body reacts like it’s a crisis anyway. Like, I’ll plan it out, feel good, and then the smallest hiccup happens and my brain treats it like a full emergency. Like, I’ll plan it out, feel good, and then the smallest hiccup happens and my brain treats it like a full emergency. It’s the kind of thing you can’t really explain to someone unless they’ve had the exact same experience What do you think?",747
trees,"I caught myself explaining something confidently and then realized I wasn’t even sure I believed it. Tolerance is such a sneaky thing. You don’t notice it until you really notice it. There’s this constant pressure to have an opinion instantly, even when the situation is complicated. Tell me I'm not alone here. I think a lot of people confuse being loud with being right, and it messes with everything.",403
politics,"Not sure if this is just me, but I watched myself make the same tiny mistake again and it felt like déjà vu, but in the worst way. The incentives are so backwards. The loudest, angriest takes get the most airtime. It’s weird how small stuff can flip your mood way more than the big stuff. Would love to hear other takes. I’m starting to think half of stress is just friction from systems that don’t have to be this clunky.",422
AdviceAnimals,"Genuine question: I went to do a simple thing and somehow it turned into a whole mini project. Setting boundaries is great until you realize you have to enforce them more than once. I’m starting to think half of stress is just friction from systems that don’t have to be this clunky. Tell me I'm not alone here. I tried to be responsible for once and it immediately created three new problems. I was halfway through my day when it hit me that I was annoyed for no actual reason, just momentum. I keep thinking it’ll be different next time, but next time shows up and it’s the same pattern with a new outfit.",607
gaming,"I watched myself make the same tiny mistake again and it felt like déjà vu, but in the worst way. Patch notes are basically a suspense novel at this point. I think a lot of people confuse being loud with being right, and it messes with everything. Is this normal or am I broken? I had one of those moments where you pause and realize you’ve been doing something on autopilot for years. I had one of those moments where you pause and realize you’ve been doing something on autopilot for years. I caught myself explaining something confidently and then realized I wasn’t even sure I believed it. I watched myself make the same tiny mistake again and it felt like déjà vu, but in the worst way. I had one of those moments where you pause and realize you’ve been doing something on autopilot for years. It’s weird how small stuff can flip your mood way more than the big stuff.",873
videos,"Quick rant: I was halfway through my day when it hit me that I was annoyed for no actual reason, just momentum. The algorithm knows my weaknesses better than I do. I was halfway through my day when it hit me that I was annoyed for no actual reason, just momentum. I went to do a simple thing and somehow it turned into a whole mini project. I watched myself make the same tiny mistake again and it felt like déjà vu, but in the worst way. I think a lot of people confuse being loud with being right, and it messes with everything. It’s the kind of thing you can’t really explain to someone unless they’ve had the exact same experience.",635
atheism,"I went to do a simple thing and somehow it turned into a whole mini project. It’s strange how asking for evidence can be seen as disrespect instead of curiosity. It’s weird how small stuff can flip your mood way more than the big stuff. Is this normal or am I broken? The older I get, the more I notice how many “rules” are just vibes everyone agreed on. It’s the kind of thing you can’t really explain to someone unless they’ve had the exact same experience.",459
technology,"I swear, I was halfway through my day when it hit me that I was annoyed for no actual reason, just momentum. Everything wants to be a subscription and it’s exhausting. Anyway, curious what you all think. The older I get, the more I notice how many “rules” are just vibes everyone agreed on. I’m starting to think half of stress is just friction from systems that don’t have to be this clunky. I tried to be responsible for once and it immediately created three new problems. I watched myself make the same tiny mistake again and it felt like déjà vu, but in the worst way. I watched myself make the same tiny mistake again and it felt like déjà vu, but in the worst way.",670
Music,"I watched myself make the same tiny mistake again and it felt like déjà vu, but in the worst way. A song can mean nothing for years and then randomly become the soundtrack to your life. The older I get, the more I notice how many “rules” are just vibes everyone agreed on. I think a lot of people confuse being loud with being right, and it messes with everything. I went to do a simple thing and somehow it turned into a whole mini project. I was halfway through my day when it hit me that I was annoyed for no actual reason, just momentum. I had one of those moments where you pause and realize you’ve been doing something on autopilot for years. I’ll tell myself it’s not a big deal, but my body reacts like it’s a crisis anyway.",732
todayilearned,"TIL some language quirks were adopted widely because of a tiny accident that snowballed. I went down a rabbit hole and the backstory was way less dramatic than I expected. I caught myself explaining something confidently and then realized I wasn’t even sure I believed it. Tell me I'm not alone here. I’m starting to think half of stress is just friction from systems that don’t have to be this clunky. I’m starting to think half of stress is just friction from systems that don’t have to be this clunky. I think a lot of people confuse being loud with being right, and it messes with everything.",596
worldnews,"I went to do a simple thing and somehow it turned into a whole mini project. It feels like you need a full timeline just to understand what people are arguing about. I think a lot of people confuse being loud with being right, and it messes with everything. Am I missing something obvious? The older I get, the more I notice how many “rules” are just vibes everyone agreed on. I had one of those moments where you pause and realize you’ve been doing something on autopilot for years. Like, I’ll plan it out, feel good, and then the smallest hiccup happens and my brain treats it like a full emergency. I think a lot of people confuse being loud with being right, and it messes with everything.",693
firstworldproblems,"I tried to be responsible for once and it immediately created three new problems. One extra step in an app feels like a personal attack when you’re already tired. There’s this constant pressure to have an opinion instantly, even when the situation is complicated. Am I missing something obvious? I think a lot of people confuse being loud with being right, and it messes with everything. Like, I’ll plan it out, feel good, and then the smallest hiccup happens and my brain treats it like a full emergency.",505
funny,"I love how my body will turn one tiny task into a full side quest with three unrelated steps. This is why I can’t be trusted with free time. It’s the kind of thing you can’t really explain to someone unless they’ve had the exact same experience. Anyway, I’m filing a complaint with whoever runs the simulation. I don’t even want to fix it, I just want to understand it. This is why I can’t be trusted with free time. It’s the kind of thing you can’t really explain to someone unless they’ve had the exact same experience. I’ll tell myself it’s not a big deal, but my body reacts like it’s a crisis anyway.",605
AskReddit,"I caught myself explaining something confidently and then realized I wasn’t even sure I believed it. I’m starting to think half of stress is just friction from systems that don’t have to be this clunky. For money etiquette that people pretend to understand, what’s your personal rule for it? Is this normal or am I broken? Like, I’ll plan it out, feel good, and then the smallest hiccup happens and my brain treats it like a full emergency. I’ll tell myself it’s not a big deal, but my body reacts like it’s a crisis anyway. It’s the kind of thing you can’t really explain to someone unless they’ve had the exact same experience What do you think?",647
trees,"I went to do a simple thing and somehow it turned into a whole mini project. Tolerance is such a sneaky thing. You don’t notice it until you really notice it. There’s this constant pressure to have an opinion instantly, even when the situation is complicated. Would love to hear other takes. I caught myself explaining something confidently and then realized I wasn’t even sure I believed it. The older I get, the more I notice how many “rules” are just vibes everyone agreed on. I caught myself explaining something confidently and then realized I wasn’t even sure I believed it.",580
politics,"I watched myself make the same tiny mistake again and it felt like déjà vu, but in the worst way. It feels like every discussion becomes team sports before anyone even agrees on the facts. I think a lot of people confuse being loud with being right, and it messes with everything. Tell me I'm not alone here.",308
AdviceAnimals,"I swear, I tried to be responsible for once and it immediately created three new problems. Sometimes the obvious answer is obvious because it’s true, and I hate that. I think a lot of people confuse being loud with being right, and it messes with everything. Is this normal or am I broken? I keep thinking it’ll be different next time, but next time shows up and it’s the same pattern with a new outfit. I’m starting to think half of stress is just friction from systems that don’t have to be this clunky. I caught myself explaining something confidently and then realized I wasn’t even sure I believed it.",606
gaming,"Alright y'all, I tried to be responsible for once and it immediately created three new problems. Matchmaking is a mystery box that occasionally hands you despair. There’s this constant pressure to have an opinion instantly, even when the situation is complicated. Tell me I'm not alone here. It’s weird how small stuff can flip your mood way more than the big stuff. I keep thinking it’ll be different next time, but next time shows up and it’s the same pattern with a new outfit. It’s weird how small stuff can flip your mood way more than the big stuff. The older I get, the more I notice how many “rules” are just vibes everyone agreed on. I watched myself make the same tiny mistake again and it felt like déjà vu, but in the worst way.",740
videos,"I had one of those moments where you pause and realize you’ve been doing something on autopilot for years. I’ll click one clip and somehow end up watching a niche documentary about something I’ve never cared about. The older I get, the more I notice how many “rules” are just vibes everyone agreed on. Would love to hear other takes. It’s the kind of thing you can’t really explain to someone unless they’ve had the exact same experience.",438
atheism,"I swear, I caught myself explaining something confidently and then realized I wasn’t even sure I believed it. It’s strange how asking for evidence can be seen as disrespect instead of curiosity. There’s this constant pressure to have an opinion instantly, even when the situation is complicated. Am I missing something obvious? I watched myself make the same tiny mistake again and it felt like déjà vu, but in the worst way.",425
technology,"Maybe I'm overthinking it, but I tried to be responsible for once and it immediately created three new problems. I don’t mind new features, I mind when basic things stop working. Does anyone else deal with this? I’ll tell myself it’s not a big deal, but my body reacts like it’s a crisis anyway. I’ll tell myself it’s not a big deal, but my body reacts like it’s a crisis anyway.",379
Music,"I swear, I was halfway through my day when it hit me that I was annoyed for no actual reason, just momentum. A song can mean nothing for years and then randomly become the soundtrack to your life. I’m starting to think half of stress is just friction from systems that don’t have to be this clunky. Does anyone else deal with this? I tried to be responsible for once and it immediately created three new problems. It’s weird how small stuff can flip your mood way more than the big stuff. It’s weird how small stuff can flip your mood way more than the big stuff.",563
todayilearned,"TIL odd naming conventions ended up becoming standard because someone mistranslated something early on. This is the kind of trivia that feels illegal to know for some reason. It’s the kind of thing you can’t really explain to someone unless they’ve had the exact same experience. I don’t even want perfection, I just want the basic version of things to work without a scavenger hunt. The older I get, the more I notice how many “rules” are just vibes everyone agreed on. It’s weird how small stuff can flip your mood way more than the big stuff.",545
worldnews,"I had one of those moments where you pause and realize you’ve been doing something on autopilot for years. It feels like you need a full timeline just to understand what people are arguing about. The older I get, the more I notice how many “rules” are just vibes everyone agreed on. Tell me I'm not alone here. It’s the kind of thing you can’t really explain to someone unless they’ve had the exact same experience.",415
firstworldproblems,"Not sure if this is just me, but I watched myself make the same tiny mistake again and it felt like déjà vu, but in the worst way. I know it’s ridiculous, but small friction adds up and ruins my mood. Tell me I'm not alone here. I had one of those moments where you pause and realize you’ve been doing something on autopilot for years. Like, I’ll plan it out, feel good, and then the smallest hiccup happens and my brain treats it like a full emergency. It’s weird how small stuff can flip your mood way more than the big stuff.",528
funny,"Nothing makes me feel older than wait all day to feel tired and then become alert the moment I lie down. I swear it waits for me to be confident before it humbles me. I’ll tell myself it’s not a big deal, but my body reacts like it’s a crisis anyway. I’ll tell myself it’s not a big deal, but my body reacts like it’s a crisis anyway. It’s like my brain is speedrunning inconvenience. Anyway, I’m filing a complaint with whoever runs the simulation. It’s like my brain is speedrunning inconvenience. It’s like my brain is speedrunning inconvenience.",549
AskReddit,"Alright y'all, I went to do a simple thing and somehow it turned into a whole mini project. The older I get, the more I notice how many “rules” are just vibes everyone agreed on. For communication expectations that seems normal until you think about it, what’s the moment it clicked for you? I don’t even want perfection, I just want the basic version of things to work without a scavenger hunt. It’s the kind of thing you can’t really explain to someone unless they’ve had the exact same experience What do you think?",518
trees,"Not sure if this is just me, but I was halfway through my day when it hit me that I was annoyed for no actual reason, just momentum. Tolerance is such a sneaky thing. You don’t notice it until you really notice it. It’s weird how small stuff can flip your mood way more than the big stuff. Am I missing something obvious? It’s weird how small stuff can flip your mood way more than the big stuff. I don’t even want perfection, I just want the basic version of things to work without a scavenger hunt.",500
politics,"So I was thinking, I had one of those moments where you pause and realize you’ve been doing something on autopilot for years. I miss when nuance wasn’t treated like weakness. Am I missing something obvious? The older I get, the more I notice how many “rules” are just vibes everyone agreed on. I’m starting to think half of stress is just friction from systems that don’t have to be this clunky. I was halfway through my day when it hit me that I was annoyed for no actual reason, just momentum. I watched myself make the same tiny mistake again and it felt like déjà vu, but in the worst way. Like, I’ll plan it out, feel good, and then the smallest hiccup happens and my brain treats it like a full emergency.",711
AdviceAnimals,"Quick rant: I watched myself make the same tiny mistake again and it felt like déjà vu, but in the worst way. Setting boundaries is great until you realize you have to enforce them more than once. I think a lot of people confuse being loud with being right, and it messes with everything. Does anyone else deal with this? There’s this constant pressure to have an opinion instantly, even when the situation is complicated. I was halfway through my day when it hit me that I was annoyed for no actual reason, just momentum. I tried to be responsible for once and it immediately created three new problems. I watched myself make the same tiny mistake again and it felt like déjà vu, but in the worst way.",702
gaming,"I caught myself explaining something confidently and then realized I wasn’t even sure I believed it. Matchmaking is a mystery box that occasionally hands you despair. There’s this constant pressure to have an opinion instantly, even when the situation is complicated. I keep thinking it’ll be different next time, but next time shows up and it’s the same pattern with a new outfit. I tried to be responsible for once and it immediately created three new problems. I tried to be responsible for once and it immediately created three new problems.",545
videos,"Alright y'all, I tried to be responsible for once and it immediately created three new problems. Autoplay is the closest thing we have to a time machine, except it only moves forward. Anyway, curious what you all think. I’ll tell myself it’s not a big deal, but my body reacts like it’s a crisis anyway. I keep thinking it’ll be different next time, but next time shows up and it’s the same pattern with a new outfit. I tried to be responsible for once and it immediately created three new problems.",499
atheism,"Maybe I'm overthinking it, but I went to do a simple thing and somehow it turned into a whole mini project. A lot of people confuse certainty with truth, and it makes conversations impossible. It’s weird how small stuff can flip your mood way more than the big stuff. Tell me I'm not alone here. It’s the kind of thing you can’t really explain to someone unless they’ve had the exact same experience. Like, I’ll plan it out, feel good, and then the smallest hiccup happens and my brain treats it like a full emergency.",518
technology,"Not sure if this is just me, but I was halfway through my day when it hit me that I was annoyed for no actual reason, just momentum. I don’t mind new features, I mind when basic things stop working. Anyway, curious what you all think. I keep thinking it’ll be different next time, but next time shows up and it’s the same pattern with a new outfit. I don’t even want perfection, I just want the basic version of things to work without a scavenger hunt. I had one of those moments where you pause and realize you’ve been doing something on autopilot for years.",559
Music,"Genuine question: I caught myself explaining something confidently and then realized I wasn’t even sure I believed it. Live versions can completely change how you hear the original track. The older I get, the more I notice how many “rules” are just vibes everyone agreed on. Tell me I'm not alone here. I went to do a simple thing and somehow it turned into a whole mini project. I’ll tell myself it’s not a big deal, but my body reacts like it’s a crisis anyway. I caught myself explaining something confidently and then realized I wasn’t even sure I believed it.",564
todayilearned,"TIL certain everyday materials got misunderstood because of a tiny accident that snowballed. This is the kind of trivia that feels illegal to know for some reason. I had one of those moments where you pause and realize you’ve been doing something on autopilot for years. Would love to hear other takes. I think a lot of people confuse being loud with being right, and it messes with everything. There’s this constant pressure to have an opinion instantly, even when the situation is complicated.",495
worldnews,"Okay, so I tried to be responsible for once and it immediately created three new problems. It feels like you need a full timeline just to understand what people are arguing about. There’s this constant pressure to have an opinion instantly, even when the situation is complicated. Would love to hear other takes. I had one of those moments where you pause and realize you’ve been doing something on autopilot for years. The older I get, the more I notice how many “rules” are just vibes everyone agreed on.",506
firstworldproblems,"I caught myself explaining something confidently and then realized I wasn’t even sure I believed it. I know it’s ridiculous, but small friction adds up and ruins my mood. I’m starting to think half of stress is just friction from systems that don’t have to be this clunky. It’s weird how small stuff can flip your mood way more than the big stuff. I don’t even want perfection, I just want the basic version of things to work without a scavenger hunt. I was halfway through my day when it hit me that I was annoyed for no actual reason, just momentum.",551
funny,"Nothing makes me feel older than wait all day to feel tired and then become alert the moment I lie down. It’s like my brain is speedrunning inconvenience. I’ll tell myself it’s not a big deal, but my body reacts like it’s a crisis anyway. This is why I can’t be trusted with free time. This is why I can’t be trusted with free time. I’ll tell myself it’s not a big deal, but my body reacts like it’s a crisis anyway. I’ll tell myself it’s not a big deal, but my body reacts like it’s a crisis anyway. I swear it waits for me to be confident before it humbles me.",562
AskReddit,"Okay, so I watched myself make the same tiny mistake again and it felt like déjà vu, but in the worst way. I think a lot of people confuse being loud with being right, and it messes with everything. For money etiquette that seems normal until you think about it, what do you wish people were honest about? Does anyone else deal with this? Like, I’ll plan it out, feel good, and then the smallest hiccup happens and my brain treats it like a full emergency What do you think?",474
trees,"I tried to be responsible for once and it immediately created three new problems. The vibe can change so much depending on timing, setting, and who you’re with. Anyway, curious what you all think. I was halfway through my day when it hit me that I was annoyed for no actual reason, just momentum. I tried to be responsible for once and it immediately created three new problems. I’ll tell myself it’s not a big deal, but my body reacts like it’s a crisis anyway. I think a lot of people confuse being loud with being right, and it messes with everything. I caught myself explaining something confidently and then realized I wasn’t even sure I believed it.",655
politics,"Not sure if this is just me, but I was halfway through my day when it hit me that I was annoyed for no actual reason, just momentum. I miss when nuance wasn’t treated like weakness. I think a lot of people confuse being loud with being right, and it messes with everything. Would love to hear other takes. I’ll tell myself it’s not a big deal, but my body reacts like it’s a crisis anyway. I caught myself explaining something confidently and then realized I wasn’t even sure I believed it. The older I get, the more I notice how many “rules” are just vibes everyone agreed on. I keep thinking it’ll be different next time, but next time shows up and it’s the same pattern with a new outfit. It’s weird how small stuff can flip your mood way more than the big stuff.",766
AdviceAnimals,"Quick rant: I had one of those moments where you pause and realize you’ve been doing something on autopilot for years. Sometimes the obvious answer is obvious because it’s true, and I hate that. I’m starting to think half of stress is just friction from systems that don’t have to be this clunky. Anyway, curious what you all think. There’s this constant pressure to have an opinion instantly, even when the situation is complicated. I’ll tell myself it’s not a big deal, but my body reacts like it’s a crisis anyway.",517
gaming,"So I was thinking, I tried to be responsible for once and it immediately created three new problems. I’ll play one match to relax and then accidentally sign up for emotional damage. I’m starting to think half of stress is just friction from systems that don’t have to be this clunky. Does anyone else deal with this? It’s weird how small stuff can flip your mood way more than the big stuff. I think a lot of people confuse being loud with being right, and it messes with everything. I had one of those moments where you pause and realize you’ve been doing something on autopilot for years.",590
videos,"I went to do a simple thing and somehow it turned into a whole mini project. Autoplay is the closest thing we have to a time machine, except it only moves forward. It’s weird how small stuff can flip your mood way more than the big stuff. Does anyone else deal with this?",271
atheism,"I tried to be responsible for once and it immediately created three new problems. A lot of people confuse certainty with truth, and it makes conversations impossible. The older I get, the more I notice how many “rules” are just vibes everyone agreed on. It’s the kind of thing you can’t really explain to someone unless they’ve had the exact same experience. I had one of those moments where you pause and realize you’ve been doing something on autopilot for years. It’s weird how small stuff can flip your mood way more than the big stuff. I caught myself explaining something confidently and then realized I wasn’t even sure I believed it. I don’t even want perfection, I just want the basic version of things to work without a scavenger hunt. It’s the kind of thing you can’t really explain to someone unless they’ve had the exact same experience.",850
technology,"I went to do a simple thing and somehow it turned into a whole mini project. I don’t mind new features, I mind when basic things stop working. I’m starting to think half of stress is just friction from systems that don’t have to be this clunky. Tell me I'm not alone here. I keep thinking it’ll be different next time, but next time shows up and it’s the same pattern with a new outfit. Like, I’ll plan it out, feel good, and then the smallest hiccup happens and my brain treats it like a full emergency. The older I get, the more I notice how many “rules” are just vibes everyone agreed on. There’s this constant pressure to have an opinion instantly, even when the situation is complicated.",692
Music,"Ngl, I watched myself make the same tiny mistake again and it felt like déjà vu, but in the worst way. It’s weird how lyrics hit harder later when you finally have the context for them. I’m starting to think half of stress is just friction from systems that don’t have to be this clunky. Am I missing something obvious? Like, I’ll plan it out, feel good, and then the smallest hiccup happens and my brain treats it like a full emergency. Like, I’ll plan it out, feel good, and then the smallest hiccup happens and my brain treats it like a full emergency.",555
todayilearned,"TIL odd naming conventions stuck around because people copied a flawed version. I went down a rabbit hole and the backstory was way less dramatic than I expected. I went to do a simple thing and somehow it turned into a whole mini project. I keep thinking it’ll be different next time, but next time shows up and it’s the same pattern with a new outfit. I’m starting to think half of stress is just friction from systems that don’t have to be this clunky.",455
worldnews,"I caught myself explaining something confidently and then realized I wasn’t even sure I believed it. It feels like you need a full timeline just to understand what people are arguing about. I think a lot of people confuse being loud with being right, and it messes with everything. Would love to hear other takes. I’m starting to think half of stress is just friction from systems that don’t have to be this clunky. It’s the kind of thing you can’t really explain to someone unless they’ve had the exact same experience. I went to do a simple thing and somehow it turned into a whole mini project. The older I get, the more I notice how many “rules” are just vibes everyone agreed on. Like, I’ll plan it out, feel good, and then the smallest hiccup happens and my brain treats it like a full emergency.",802
firstworldproblems,"Okay, so I went to do a simple thing and somehow it turned into a whole mini project. I know it’s ridiculous, but small friction adds up and ruins my mood. I think a lot of people confuse being loud with being right, and it messes with everything. I tried to be responsible for once and it immediately created three new problems. I keep thinking it’ll be different next time, but next time shows up and it’s the same pattern with a new outfit.",443
funny,"I tried to be productive today and autocorrect the right word into the wrong word with confidence. It’s like my brain is speedrunning inconvenience. I keep thinking it’ll be different next time, but next time shows up and it’s the same pattern with a new outfit. I don’t even want to fix it, I just want to understand it. I don’t even want to fix it, I just want to understand it. I keep thinking it’ll be different next time, but next time shows up and it’s the same pattern with a new outfit. It’s the kind of thing you can’t really explain to someone unless they’ve had the exact same experience.",599
AskReddit,"Real talk, I had one of those moments where you pause and realize you’ve been doing something on autopilot for years. I’m starting to think half of stress is just friction from systems that don’t have to be this clunky. For money etiquette that everyone accepts but nobody likes, what’s the moment it clicked for you? Am I missing something obvious? I keep thinking it’ll be different next time, but next time shows up and it’s the same pattern with a new outfit. I don’t even want perfection, I just want the basic version of things to work without a scavenger hunt What do you think?",585
trees,"Genuine question: I was halfway through my day when it hit me that I was annoyed for no actual reason, just momentum. The vibe can change so much depending on timing, setting, and who you’re with. I think a lot of people confuse being loud with being right, and it messes with everything. Am I missing something obvious? I watched myself make the same tiny mistake again and it felt like déjà vu, but in the worst way. I think a lot of people confuse being loud with being right, and it messes with everything. I’m starting to think half of stress is just friction from systems that don’t have to be this clunky.",612
politics,"I swear, I watched myself make the same tiny mistake again and it felt like déjà vu, but in the worst way. The incentives are so backwards. The loudest, angriest takes get the most airtime. I’m starting to think half of stress is just friction from systems that don’t have to be this clunky. Am I missing something obvious? I think a lot of people confuse being loud with being right, and it messes with everything. I’m starting to think half of stress is just friction from systems that don’t have to be this clunky. It’s weird how small stuff can flip your mood way more than the big stuff. I went to do a simple thing and somehow it turned into a whole mini project.",669
AdviceAnimals,"I was halfway through my day when it hit me that I was annoyed for no actual reason, just momentum. Setting boundaries is great until you realize you have to enforce them more than once. Am I missing something obvious? I’ll tell myself it’s not a big deal, but my body reacts like it’s a crisis anyway. I’m starting to think half of stress is just friction from systems that don’t have to be this clunky. I’ll tell myself it’s not a big deal, but my body reacts like it’s a crisis anyway.",488
gaming,"So I was thinking, I was halfway through my day when it hit me that I was annoyed for no actual reason, just momentum. Matchmaking is a mystery box that occasionally hands you despair. I’m starting to think half of stress is just friction from systems that don’t have to be this clunky. I’m starting to think half of stress is just friction from systems that don’t have to be this clunky. I was halfway through my day when it hit me that I was annoyed for no actual reason, just momentum. I was halfway through my day when it hit me that I was annoyed for no actual reason, just momentum.",588
videos,"I tried to be responsible for once and it immediately created three new problems. Autoplay is the closest thing we have to a time machine, except it only moves forward. I’m starting to think half of stress is just friction from systems that don’t have to be this clunky. Would love to hear other takes. I was halfway through my day when it hit me that I was annoyed for no actual reason, just momentum. There’s this constant pressure to have an opinion instantly, even when the situation is complicated.",503
atheism,"I had one of those moments where you pause and realize you’ve been doing something on autopilot for years. Skepticism gets treated like hostility even when it’s polite and sincere. I think a lot of people confuse being loud with being right, and it messes with everything. Is this normal or am I broken? I caught myself explaining something confidently and then realized I wasn’t even sure I believed it. It’s weird how small stuff can flip your mood way more than the big stuff.",479
technology,"Ngl, I watched myself make the same tiny mistake again and it felt like déjà vu, but in the worst way. Updates keep rearranging stuff like they’re trying to keep me from finding the button on purpose. It’s weird how small stuff can flip your mood way more than the big stuff. Is this normal or am I broken? I don’t even want perfection, I just want the basic version of things to work without a scavenger hunt. I tried to be responsible for once and it immediately created three new problems.",492
